{"accuracy": [0.7114615440368652, 0.7730544805526733, 0.8237915635108948, 0.8562449812889099, 0.886070191860199, 0.9025254249572754, 0.9236658811569214, 0.9344074726104736, 0.9427493810653687, 0.9460632801055908], "loss": [0.968792200088501, 0.7402527928352356, 0.5577307939529419, 0.44846513867378235, 0.35789233446121216, 0.2976880967617035, 0.24552138149738312, 0.19903434813022614, 0.17300456762313843, 0.16100871562957764], "val_accuracy": [0.7445719242095947, 0.7524414658546448, 0.8031668066978455, 0.8293353319168091, 0.7998483180999756, 0.8500995635986328, 0.836256742477417, 0.8709585666656494, 0.8768370151519775, 0.8619512915611267], "val_loss": [0.8402616381645203, 0.8613191246986389, 0.6794760823249817, 0.5641669034957886, 0.7130919098854065, 0.5376817584037781, 0.5877420902252197, 0.46715104579925537, 0.4640393555164337, 0.48931434750556946]}